rank,name,nota
1,Brass: Birmingham,8.62
2,Pandemic Legacy: Season 1,8.54
3,Gloomhaven,8.63
4,Ark Nova,8.54
5,Twilight Imperium: Fourth Edition,8.62
6,Terraforming Mars,8.38
7,Gloomhaven: Jaws of the Lion,8.51
8,War of the Ring: Second Edition,8.53
9,Star Wars: Rebellion,8.42
10,Dune: Imperium,8.39
11,Spirit Island,8.36
12,Gaia Project,8.41
13,Through the Ages: A New Story of Civilization,8.32
14,Twilight Struggle,8.26
15,Great Western Trail,8.24
16,Scythe,8.17
17,The Castles of Burgundy,8.13
18,7 Wonders Duel,8.10
19,Nemesis,8.31
20,Brass: Lancashire,8.19
21,Concordia,8.10
22,Eclipse: Second Dawn for the Galaxy,8.51
23,A Feast for Odin,8.18
24,Clank!: Legacy – Acquisitions Incorporated,8.58
25,Wingspan,8.08
26,Terra Mystica,8.08
27,Arkham Horror: The Card Game,8.14
28,Root,8.08
29,Lost Ruins of Arnak,8.08
30,Orléans,8.06
31,Everdell,8.06
32,Viticulture Essential Edition,8.01
33,Mage Knight Board Game,8.09
34,Barrage,8.18
35,Great Western Trail (Second Edition),8.44
36,The Crew: Mission Deep Sea,8.24
37,Food Chain Magnate,8.09
38,Too Many Bones,8.36
39,Marvel Champions: The Card Game,8.15
40,Pax Pamir: Second Edition,8.26
41,Puerto Rico,7.93
42,Underwater Cities,8.08
43,Caverna: The Cave Farmers,7.97
44,Blood Rage,7.95
45,Agricola,7.89
46,Anachrony,8.10
47,Cascadia,7.98
48,On Mars,8.22
49,Pandemic Legacy: Season 2,8.06
50,Mansions of Madness: Second Edition,7.97
51,Maracaibo,8.08
52,Pandemic Legacy: Season 0,8.46
53,Crokinole,8.00
54,Tzolk'in: The Mayan Calendar,7.87
55,Power Grid,7.82
56,Sleeping Gods,8.33
57,Lisboa,8.19
58,The Crew: The Quest for Planet Nine,7.86
59,Kanban EV,8.47
60,Clans of Caledonia,7.96
61,The Quacks of Quedlinburg,7.84
62,Le Havre,7.85
63,Star Wars: Imperial Assault,7.97
64,Mechs vs. Minions,7.99
65,The Gallerist,8.03
66,Paladins of the West Kingdom,8.00
67,Kingdom Death: Monster,8.52
68,Android: Netrunner,7.88
69,Grand Austria Hotel,7.92
70,Azul,7.76
71,Eclipse,7.84
72,Race for the Galaxy,7.75
73,Aeon's End,7.94
74,Clank!: A Deck-Building Adventure,7.80
75,Five Tribes,7.78
76,Cthulhu: Death May Die,8.17
77,Agricola (Revised Edition),7.96
78,Through the Ages: A Story of Civilization,7.86
79,Fields of Arle,8.04
80,Teotihuacan: City of Gods,7.88
81,Robinson Crusoe: Adventures on the Cursed Island,7.77
82,Lords of Waterdeep,7.74
83,The Voyages of Marco Polo,7.80
84,Dominant Species,7.82
85,7 Wonders,7.70
86,Beyond the Sun,7.97
87,The 7th Continent,7.89
88,Tainted Grail: The Fall of Avalon,8.15
89,Obsession,8.18
90,Architects of the West Kingdom,7.77
91,El Grande,7.73
92,Battlestar Galactica: The Board Game,7.73
93,The Search for Planet X,8.02
94,Keyflower,7.74
95,Caylus,7.73
96,Decrypto,7.78
97,Mombasa,7.86
98,Raiders of the North Sea,7.75
99,Inis,7.82
100,Dominion: Intrigue,7.69
101,The Lord of the Rings: Journeys in Middle-Earth,7.94
102,Troyes,7.72
103,Tigris & Euphrates,7.70
104,Eldritch Horror,7.76
105,Lorenzo il Magnifico,7.86
106,Heat: Pedal to the Metal,8.18
107,Twilight Imperium: Third Edition,7.80
108,Trickerion: Legends of Illusion,7.96
109,Russian Railroads,7.74
110,Patchwork,7.61
111,Trajan,7.75
112,Rising Sun,7.79
113,The Isle of Cats,7.76
114,Aeon's End: War Eternal,8.30
115,Dominion,7.60
116,Clank! In! Space!: A Deck-Building Adventure,7.81
117,Concordia Venus,8.29
118,Vinhos: Deluxe Edition,8.12
119,Codenames,7.56
120,Champions of Midgard,7.74
121,Pandemic: Iberia,7.90
122,Roll for the Galaxy,7.61
123,Yokohama,7.82
124,Forbidden Stars,7.97
125,Hansa Teutonica,7.72
126,Age of Steam,7.82
127,Cartographers,7.64
128,PARKS,7.70
129,Pandemic,7.55
130,Frosthaven,8.80
131,The Quest for El Dorado,7.65
132,Res Arcana,7.68
133,Watergate,7.82
134,Kemet,7.67
135,Sherlock Holmes Consulting Detective: The Thames Murders & Other Cases,7.66
136,Targi,7.63
137,Alchemists,7.65
138,It's a Wonderful World,7.72
139,Dwellings of Eldervale,8.22
140,Carnegie,8.06
141,Star Realms,7.57
142,Endeavor: Age of Sail,7.91
143,Praga Caput Regni,7.97
144,Rajas of the Ganges,7.73
145,Legendary Encounters: An Alien Deck Building Game,7.77
146,Stone Age,7.53
147,Just One,7.60
148,Ticket to Ride: Europe,7.53
149,Star Wars: X-Wing Miniatures Game,7.65
150,The Lord of the Rings: The Card Game,7.66
151,Istanbul,7.55
152,Welcome To...,7.56
153,Terraforming Mars: Ares Expedition,7.72
154,Viscounts of the West Kingdom,7.88
155,Xia: Legends of a Drift System,7.87
156,Marco Polo II: In the Service of the Khan,8.00
157,That's Pretty Clever!,7.59
158,Glen More II: Chronicles,7.93
159,Magic: The Gathering,7.56
160,Chaos in the Old World,7.67
161,Tyrants of the Underdark,7.91
162,Jaipur,7.49
163,War of the Ring,7.77
164,Undaunted: Normandy,7.82
165,Hadrian's Wall,8.07
166,Descent: Journeys in the Dark (Second Edition),7.63
167,Azul: Summer Pavilion,7.68
168,War Chest,7.88
169,This War of Mine: The Board Game,7.79
170,Radlands,7.98
171,Memoir '44,7.54
172,Horrified,7.69
173,Cosmic Encounter,7.53
174,Railways of the World,7.67
175,Dominion (Second Edition),7.85
176,The Resistance: Avalon,7.53
177,Castles of Mad King Ludwig,7.52
178,Sagrada,7.49
179,Ra,7.52
180,Ora et Labora,7.69
181,Unmatched: Cobble & Fog,8.05
182,A Game of Thrones: The Board Game (Second Edition),7.55
183,Dead of Winter: A Crossroads Game,7.49
184,Ticket to Ride: Nordic Countries,7.63
185,Sekigahara: The Unification of Japan,8.01
186,Commands & Colors: Ancients,7.77
187,Suburbia,7.49
188,Space Base,7.56
189,Village,7.50
190,Captain Sonar,7.53
191,The Red Cathedral,7.76
192,Dinosaur Island,7.61
193,Go,7.64
194,Splendor,7.43
195,Calico,7.59
196,Dune,7.96
197,Coimbra,7.64
198,Near and Far,7.70
199,Star Realms: Colony Wars,7.81
200,Combat Commander: Europe,7.95
301,Alien Frontiers,7.37
302,Heaven & Ale,7.55
303,Final Girl,8.42
304,Century: Spice Road,7.32
305,Exit: The Game – The Abandoned Cabin,7.45
306,Antiquity,7.86
307,Arkham Horror (Third Edition),7.70
308,Tikal,7.33
309,Bruges,7.43
310,Tiny Epic Galaxies,7.35
311,Survive: Escape from Atlantis!,7.32
312,Lords of Hellas,7.71
313,Dead of Winter: The Long Night,7.55
314,Love Letter,7.22
315,Burgle Bros.,7.46
316,Oath: Chronicles of Empire and Exile,7.86
317,Bunny Kingdom,7.45
318,The King's Dilemma,7.82
319,Awkward Guests,7.61
320,Destinies,7.81
321,Above and Below,7.38
322,Acquire,7.33
323,Small World,7.22
324,Arboretum,7.32
325,Aeon's End: The New Age,8.58
326,Lost Cities,7.22
327,For Sale,7.24
328,Dungeon Lords,7.37
329,BattleLore: Second Edition,7.68
330,Sid Meier's Civilization: The Board Game,7.38
331,Merchants & Marauders,7.39
332,Bonfire,7.71
333,Bärenpark,7.32
334,Kemet: Blood and Sand,8.05
335,Tekhenu: Obelisk of the Sun,7.75
336,Nusfjord,7.65
337,Mission: Red Planet (Second Edition),7.42
338,Neuroshima Hex! 3.0,7.39
339,Letters from Whitechapel,7.36
340,Hannibal: Rome vs. Carthage,7.79
341,The Great Zimbabwe,7.82
342,Dixit,7.21
343,Mysterium,7.24
344,Bitoku,7.90
345,Harry Potter: Hogwarts Battle,7.39
346,Takenoko,7.23
347,Ghost Stories,7.28
348,Return to Dark Tower,8.31
349,Star Wars: Armada,7.82
350,Agricola: All Creatures Big and Small,7.35
351,51st State: Master Set,7.62
352,Mage Wars Arena,7.59
353,The Resistance,7.23
354,Chinatown,7.41
355,Altiplano,7.49
356,The King Is Dead: Second Edition,7.69
357,Innovation,7.29
358,Ginkgopolis,7.51
359,Gizmos,7.39
360,San Juan,7.24
361,Blood Bowl: Team Manager – The Card Game,7.39
362,Notre Dame,7.32
363,Carpe Diem,7.53
364,At the Gates of Loyang,7.37
365,The Pillars of the Earth,7.27
366,Newton,7.57
367,Gùgōng,7.46
368,Abyss,7.33
369,Long Shot: The Dice Game,7.74
370,Imperium: Classics,7.74
371,Evolution: Climate,7.52
372,Die Macher,7.60
373,Saint Petersburg,7.28
374,Twice as Clever!,7.46
375,Endeavor,7.39
376,Skull King,7.49
377,Pandemic: Fall of Rome,7.64
378,Downforce,7.32
379,Planet Unknown,7.98
380,Furnace,7.44
381,Maria,7.99
382,The Godfather: Corleone's Empire,7.53
383,Here I Stand,7.89
384,Raiders of Scythia,7.80
385,King of Tokyo,7.15
386,In the Year of the Dragon,7.31
387,Ticket to Ride: Märklin,7.41
388,Tiny Towns,7.26
389,Bruxelles 1893,7.62
390,Azul: Stained Glass of Sintra,7.33
391,London (Second Edition),7.53
392,Schotten Totten,7.34
393,Love Letter,7.52
394,San Juan (Second Edition),7.47
395,Civilization,7.50
396,Arkham Horror,7.24
397,Dice Forge,7.24
398,Sidereal Confluence,7.79
399,Cloudspire,8.20
400,Sherlock Holmes Consulting Detective: Jack the Ripper & West End Adventures,7.63
401,Codenames: Pictures,7.20
402,Smartphone Inc.,7.60
403,Sword & Sorcery,7.93
404,Clash of Cultures,7.58
405,Nippon,7.65
406,Mind MGMT: The Psychic Espionage “Game.”,8.07
407,Wingspan Asia,8.38
408,Stockpile,7.49
409,Mythic Battles: Pantheon,8.36
410,Sprawlopolis,7.37
411,Skull,7.20
412,Santa Maria,7.49
413,Space Hulk (Third Edition),7.53
414,Dune,7.60
415,Firefly: The Game,7.39
416,Spartacus: A Game of Blood and Treachery,7.47
417,Claustrophobia,7.48
418,Macao,7.41
419,Fresco,7.26
420,Flamecraft,7.55
421,Advanced Squad Leader,8.00
422,Mice and Mystics,7.25
423,So Clover!,7.59
424,The Manhattan Project,7.33
425,Cubitos,7.48
426,Wavelength,7.32
427,Biblios,7.20
428,Blood on the Clocktower,8.33
429,Thunderstone Quest,7.80
430,Flash Point: Fire Rescue,7.17
431,Project L,7.49
432,Unmatched: Robin Hood vs. Bigfoot,7.97
433,Blitzkrieg!: World War Two in 20 Minutes,7.63
434,Kingsburg,7.18
435,Millennium Blades,7.68
436,Imperial Settlers: Empires of the North,7.47
437,Chess,7.18
438,King of Tokyo: Dark Edition,7.71
439,Glen More,7.31
440,Heroscape Master Set: Rise of the Valkyrie,7.45
441,Lancaster,7.40
442,Pipeline,7.64
443,A Few Acres of Snow,7.38
444,Quadropolis,7.24
445,Pandemic: Reign of Cthulhu,7.37
446,Summoner Wars (Second Edition),8.20
447,Lord of the Rings: The Confrontation,7.48
448,Point Salad,7.18
449,PitchCar,7.26
450,Earth,7.91
451,Mandala,7.56
452,Black Orchestra,7.51
453,Amerigo,7.45
454,Mystic Vale,7.27
455,Canvas,7.35
456,Middara: Unintentional Malum – Act 1,8.67
457,Charterstone,7.24
458,Commands & Colors: Napoleonics,8.01
459,BattleLore,7.35
460,Pandemic: The Cure,7.26
461,Tiletum,8.04
462,Stuffed Fables,7.48
463,Amun-Re,7.30
464,Blood Bowl: Living Rulebook,7.84
465,Honey Buzz,7.66
466,Risk Legacy,7.38
467,Exit: The Game – Dead Man on the Orient Express,7.60
468,Colt Express,7.09
469,Sheriff of Nottingham,7.09
470,Citadels,7.26
471,Blood Bowl (Third Edition),7.55
472,Forbidden Desert,7.09
473,Boonlake,7.71
474,Citadels,7.07
475,Descent: Journeys in the Dark,7.28
476,Shadows of Brimstone: City of the Ancients,7.96
477,Deus,7.29
478,Hadara,7.43
479,Mansions of Madness,7.27
480,Lords of Vegas,7.35
481,Fire in the Lake,8.06
482,ISS Vanguard,8.84
483,Shadows over Camelot,7.10
484,Hanabi,7.05
485,Oceans,7.50
486,Betrayal Legacy,7.69
487,Clank!: Catacombs,8.43
488,No Thanks!,7.07
489,"Labyrinth: The War on Terror, 2001 – ?",7.59
490,1775: Rebellion,7.64
491,Raptor,7.26
492,Friday,7.12
493,Zombie Kidz Evolution,7.68
494,Junk Art,7.37
495,1846: The Race for the Midwest,7.95
496,CATAN,7.11
497,Fantastic Factories,7.48
498,Potion Explosion,7.13
499,Imhotep,7.15
500,Freedom: The Underground Railroad,7.58
501,Dawn of the Zeds (Third Edition),8.17
502,Bohnanza,7.04
503,Blackout: Hong Kong,7.45
504,Railroad Ink: Deep Blue Edition,7.20
505,Thurn and Taxis,7.09
506,Small World Underground,7.24
507,Argent: The Consortium,7.65
508,Marvel United: X-Men,8.18
509,"Air, Land, & Sea",7.46
510,First Class: All Aboard the Orient Express!,7.43
511,Port Royal,7.12
512,London,7.34
513,Archipelago,7.31
514,Cartographers Heroes,7.84
515,Pan Am,7.55
516,Madeira,7.56
517,Escape Plan,7.53
518,Descent: Legends of the Dark,7.96
519,The Grizzled,7.15
520,Imperial Struggle,8.29
521,Ingenious,7.11
522,TZAAR,7.66
523,Time's Up! Title Recall!,7.69
524,The Fox in the Forest,7.13
525,Legends of Andor,7.13
526,Libertalia,7.13
527,Star Wars: X-Wing (Second Edition),8.09
528,Alhambra,7.03
529,Airlines Europe,7.30
530,Black Rose Wars,8.00
531,BattleCON: Devastation of Indines,7.85
532,RoboRally,7.06
533,One Night Ultimate Werewolf,7.08
534,Elysium,7.20
535,Euphoria: Build a Better Dystopia,7.20
536,Sushi Go!,7.02
537,Wabash Cannonball,7.24
538,Roads & Boats,7.71
539,Sentinels of the Multiverse,7.16
540,Discworld: Ankh-Morpork,7.25
541,High Society,7.14
542,Vikings,7.24
543,Last Will,7.17
544,Camel Up,7.04
545,Runebound (Third Edition),7.47
546,Fleet: The Dice Game,7.69
547,Nova Luna,7.32
548,Egizia,7.39
549,Queendomino,7.19
550,Love Letter: Premium Edition,7.43
551,Dead Reckoning,8.25
552,Vinhos,7.47
553,Undaunted: North Africa,7.87
554,Pax Porfiriana,7.67
555,Tales of the Arabian Nights,7.17
556,Karuba,7.18
557,Space Empires 4X,7.69
558,Taj Mahal,7.27
559,StarCraft: The Board Game,7.35
560,In the Hall of the Mountain King,7.65
561,Valeria: Card Kingdoms,7.45
562,Jamaica,7.06
563,Pathfinder Adventure Card Game: Rise of the Runelords – Base Set,7.18
564,Colosseum,7.21
565,Baseball Highlights: 2045,7.52
566,Great Western Trail: Argentina,8.63
567,Las Vegas,7.15
568,IKI,7.70
569,Foundations of Rome,8.03
570,Atlantis Rising (Second Edition),7.61
571,Nexus Ops,7.21
572,Through the Desert,7.09
573,The Colonists,7.56
574,DVONN,7.45
575,Paperback,7.14
576,Aquatica,7.39
577,AquaSphere,7.26
578,Carcassonne: Hunters and Gatherers,7.13
579,Broom Service,7.17
580,Tobago,7.10
581,Draftosaurus,7.12
582,Automobile,7.33
583,Evolution,7.07
584,Dice Throne: Season One,7.54
585,Struggle of Empires,7.52
586,Star Trek: Ascendancy,7.83
587,MicroMacro: Crime City – Full House,7.73
588,Star Wars: Destiny,7.46
589,Triumph & Tragedy: European Balance of Power 1936-1945,8.14
590,Hammer of the Scots,7.53
591,Silver & Gold,7.23
592,Conan,7.66
593,Carson City,7.22
594,Francis Drake,7.38
595,Coup,6.99
596,Photosynthesis,7.01
597,A Game of Thrones,7.18
598,Imperium: Legends,7.87
599,The Great Wall,7.90
600,Cooper Island,7.61
601,The Battle of Five Armies,7.88
602,Gears of War: The Board Game,7.47
603,Blood Bowl (2016 Edition),7.98
604,Revive,8.23
605,QE,7.41
606,Crusaders: Thy Will Be Done,7.50
607,Unlock!: Heroic Adventures,7.65
608,Quantum,7.25
609,Etherfields,8.00
610,Zombicide,7.11
611,A Game of Thrones: The Card Game (Second Edition),7.51
612,Thebes,7.13
613,Star Wars: X-Wing Miniatures Game – The Force Awakens Core Set,7.75
614,Mindbug: First Contact,7.85
615,Unfathomable,7.60
616,Cuba Libre,7.69
617,Libertalia: Winds of Galecrest,7.51
618,Coloretto,6.98
619,Mare Nostrum: Empires,7.53
620,Betrayal at House on the Hill,7.04
621,Zombicide: Green Horde,7.72
622,Formula D,7.00
623,6 nimmt!,6.95
624,HeroQuest,7.18
625,Snowdonia,7.34
626,Pax Renaissance,8.01
627,Time's Up!,7.29
628,Medici,7.16
629,Taluva,7.15
630,Zombicide: 2nd Edition,8.05
631,KeyForge: Call of the Archons,7.14
632,One Night Ultimate Werewolf: Daybreak,7.33
633,The LOOP,7.79
634,Whitehall Mystery,7.56
635,Magic Maze,6.98
636,The Republic of Rome,7.53
637,Trains,7.14
638,Caper: Europe,7.81
639,The Downfall of Pompeii,7.15
640,Fort,7.16
641,Shakespeare,7.43
642,Splendor: Marvel,7.62
643,Cacao,7.08
644,Unmatched: Little Red Riding Hood vs. Beowulf,8.23
645,Shards of Infinity,7.49
646,Kingdom Builder,6.95
647,Lord of the Rings: The Confrontation,7.20
648,Mr. Jack,6.98
649,Belfort,7.22
650,Summoner Wars,7.23
651,Between Two Castles of Mad King Ludwig,7.25
652,Elder Sign,6.97
653,Wayfarers of the South Tigris,7.92
654,Earth Reborn,7.62
655,Disney Villainous: Wicked to the Core,7.57
656,Cat in the Box: Deluxe Edition,7.67
657,Bus,7.58
658,Cuba,7.13
659,Luna,7.30
660,Chronicles of Crime: 1400,7.80
661,Dixit: Journey,7.39
662,John Company: Second Edition,8.40
663,Escape: The Curse of the Temple,6.97
664,A Fake Artist Goes to New York,7.15
665,Torres,7.09
666,Exit: The Game – The Pharaoh's Tomb,7.18
667,Telestrations: 12 Player Party Pack,7.74
668,Civilization: A New Dawn,7.27
669,Aeon Trespass: Odyssey,9.34
670,Myrmes,7.26
671,Smash Up: Awesome Level 9000,7.22
672,The Oracle of Delphi,7.29
673,Cribbage,7.08
674,Woodcraft,7.83
675,Shadows of Brimstone: Swamps of Death,8.03
676,Pax Renaissance: 2nd Edition,8.60
677,Yamataï,7.20
678,Churchill,7.67
679,Tokaido,6.94
680,Treasure Island,7.25
681,Dinosaur Island: Rawr 'n Write,7.77
682,Prêt-à-Porter,7.35
683,Feudum,7.62
684,Mexica,7.24
685,Disney Villainous: Evil Comes Prepared,7.58
686,Fury of Dracula (Second Edition),7.10
687,Ascension: Deckbuilding Game,7.03
688,Defenders of the Realm,7.28
689,Wir sind das Volk!,7.81
690,AuZtralia,7.37
691,Yellow & Yangtze,7.85
692,Merv: The Heart of the Silk Road,7.56
693,Arkwright,7.81
694,ZhanGuo,7.56
695,Tash-Kalar: Arena of Legends,7.16
696,Trails of Tucana,7.41
697,Leaving Earth,7.74
698,Regicide,7.49
699,D-Day at Omaha Beach,8.28
700,Galaxy Trucker (Second Edition),7.56
701,Specter Ops,7.19
702,Love Letter: Batman,7.26
703,Century: A New World,7.35
704,Thunderstone Advance: Towers of Ruin,7.34
705,Onirim (Second Edition),7.05
706,The Magnificent,7.55
707,Creature Comforts,7.56
708,Carcassonne: The Castle,7.10
709,My Little Scythe,7.27
710,Steampunk Rally,7.17
711,Warhammer Quest: The Adventure Card Game,7.32
712,Ashes Reborn: Rise of the Phoenixborn,7.28
713,Trismegistus: The Ultimate Formula,7.61
714,Dragon Castle,7.13
715,Space Hulk: Death Angel – The Card Game,7.00
716,BANG! The Dice Game,6.91
717,The Networks,7.17
718,Detective: City of Angels,7.91
719,Oh My Goods!,6.99
720,City of the Big Shoulders,7.79
721,K2,7.02
722,Vegas Showdown,7.16
723,Advanced Squad Leader: Starter Kit #1,7.85
724,Whistle Mountain,7.64
725,Century: Eastern Wonders,7.14
726,Wallenstein,7.46
727,Project: ELITE,8.01
728,The Estates,7.43
729,Golem,7.64
730,Sub Terra,7.39
731,Villagers,7.19
732,Yspahan,7.07
733,Disney Villainous,6.99
734,Diplomacy,7.04
735,Shipyard,7.35
736,Between Two Cities,6.99
737,Middle-Earth Quest,7.38
738,Coal Baron,7.29
739,Wits & Wagers,6.93
740,Bloodborne: The Board Game,7.86
741,Akropolis,7.60
742,The Guild of Merchant Explorers,7.77
743,Eminent Domain,6.99
744,Crystal Palace,7.54
745,New Frontiers,7.45
746,Unlock!: Timeless Adventures,7.80
747,Empires: Age of Discovery,7.85
748,CO₂: Second Chance,7.56
749,Blue Moon City,7.04
750,The Bloody Inn,7.05
751,Reef,7.03
752,New York Zoo,7.14
753,Ex Libris,7.15
754,Cry Havoc,7.15
755,Caverna: Cave vs Cave,7.12
756,Empire of the Sun,8.27
757,Kanagawa,7.05
758,Ticket to Ride: Rails & Sails,7.42
759,Azul: Queen's Garden,7.53
760,Warhammer: Invasion,7.23
761,World Without End,7.24
762,The Shipwreck Arcana,7.48
763,Rhino Hero: Super Battle,7.25
764,Saint Petersburg (Second Edition),7.47
765,Super Motherload,7.36
766,Space Hulk,7.48
767,Deep Sea Adventure,6.93
768,Up Front,7.88
769,Dogs of War,7.52
770,Warp's Edge,7.76
771,Arcadia Quest: Inferno,7.91
772,The Duke,7.34
773,My Father's Work,7.97
774,Blokus,6.86
775,Vast: The Crystal Caverns,7.13
776,Can't Stop,6.88
777,Finca,7.06
778,Black Angel,7.29
779,878 Vikings: Invasions of England,7.51
780,Menara,7.45
781,Crown of Emara,7.41
782,Zombicide Season 2: Prison Outbreak,7.36
783,Exit: The Game – The Secret Lab,7.07
784,Turing Machine,7.95
785,Railroad Ink: Blazing Red Edition,7.11
786,The Adventures of Robin Hood,7.58
787,Perudo,6.91
788,FUSE,7.02
789,King of New York,6.90
790,Panamax,7.31
791,1989: Dawn of Freedom,7.79
792,Ricochet Robots,7.02
793,Unmatched: Jurassic Park – InGen vs Raptors,8.13
794,Dungeons & Dragons: The Legend of Drizzt Board Game,7.22
795,"Heroes of Land, Air & Sea",7.61
796,Among the Stars,7.04
797,Dice Hospital,7.14
798,Living Forest,7.31
799,Tang Garden,7.41
800,The Lord of the Rings: The Card Game – Revised Core Set,8.51
801,Red7,6.88
802,Squad Leader,7.54
803,Paris: La Cité de la Lumière,7.34
804,Jambo,7.00
805,Railroad Ink Challenge: Lush Green Edition,7.69
806,Gentes,7.42
807,The Pursuit of Happiness,7.17
808,Lords of Xidit,7.10
809,Bullet♥︎,7.68
810,Not Alone,6.98
811,Fugitive,7.17
812,Tribune: Primus Inter Pares,7.22
813,Outlive,7.30
814,Star Trek: Fleet Captains,7.48
815,Unfair,7.32
816,Cerebria: The Inside World,7.77
817,Yedo,7.37
818,Incan Gold,6.83
819,Tammany Hall,7.29
820,One Deck Dungeon,6.97
821,Vasco da Gama,7.22
822,Washington's War,7.62
823,XCOM: The Board Game,7.01
824,Brian Boru: High King of Ireland,7.59
825,Celestia,6.95
826,"13 Days: The Cuban Missile Crisis, 1962",7.24
827,Scoville,7.13
828,Reef Encounter,7.14
829,7 Wonders: Architects,7.05
830,Weather Machine,7.92
831,Rurik: Dawn of Kiev,7.81
832,Wizard,6.95
833,Pandemic: Rising Tide,7.57
834,Messina 1347,7.67
835,Star Wars: The Card Game,7.18
836,Dale of Merchants,7.17
837,Combat Commander: Pacific,8.11
838,Tumblin' Dice,7.21
839,Friedrich,7.57
840,ZÈRTZ,7.26
841,Disney Villainous: Perfectly Wretched,7.68
842,Conflict of Heroes: Awakening the Bear! – Russia 1941-42,7.50
843,Blue Lagoon,7.19
844,Letter Jam,7.23
845,Hannibal & Hamilcar,8.31
846,Santiago,7.13
847,Napoleon's Triumph,8.00
848,Morels,6.98
849,SpaceCorp: 2025-2300AD,7.69
850,Summoner Wars: Alliances Master Set,8.05
851,Dominant Species: Marine,8.04
852,Star Wars: The Deckbuilding Game,8.05
853,Raccoon Tycoon,7.31
854,Frostpunk: The Board Game,8.35
855,Babylonia,7.67
856,Spyrium,7.04
857,Hyperborea,7.18
858,Battle for Rokugan,7.43
859,Carcassonne: The City,7.21
860,Spyfall,6.80
861,Forbidden Island,6.77
862,Merchants Cove,7.54
863,Marvel Dice Masters: Avengers vs. X-Men,7.11
864,Maquis,7.45
865,Union Pacific,7.20
866,Last Bastion,7.51
867,Tajemnicze Domostwo,7.12
868,The Lost Expedition,7.05
869,Rhino Hero,6.92
870,A War of Whispers,7.37
871,The Mind,6.79
872,Parade,6.99
873,Twilight Inscription,7.64
874,Detective Club,7.36
875,Ca$h 'n Guns: Second Edition,6.85
876,Thunderstone,6.92
877,The Palaces of Carrara,7.15
878,Container,7.15
879,Tinners' Trail,7.22
880,Roll Through the Ages: The Bronze Age,6.86
881,San Marco,7.18
882,Qwixx,6.87
883,Catacombs (Third Edition),7.50
884,Brew Crafters,7.40
885,Werewords,7.14
886,Last Night on Earth: The Zombie Game,6.91
887,Circadians: First Light,7.58
888,Red Rising,7.07
889,Akrotiri,7.19
890,Clinic: Deluxe Edition,7.65
891,Signorie,7.40
892,Lacrimosa,7.84
893,Khôra: Rise of an Empire,7.48
894,Formula Dé,6.99
895,Mahjong,7.04
896,Pictomania,7.26
897,Genoa,7.05
898,Kitchen Rush,7.25
899,Luxor,7.20
900,Warhammer Underworlds: Shadespire,7.65
901,Witchstone,7.60
902,Abomination: The Heir of Frankenstein,7.47
903,Summoner Wars: Phoenix Elves vs Tundra Orcs,7.50
904,Maharaja: The Game of Palace Building in India,7.10
905,Homesteaders,7.20
906,Virgin Queen,8.02
907,Lanterns: The Harvest Festival,6.88
908,Lovecraft Letter,7.21
909,Tragedy Looper,7.18
910,Bridge,7.45
911,Call to Adventure,7.12
912,Roam,7.32
913,Thunder Alley,7.31
914,Nightmare Productions,7.05
915,Jaws,7.14
916,Zombicide: Invader,7.83
917,Palm Island,7.10
918,Dinosaur World,7.43
919,Conflict of Heroes: Awakening the Bear! – Operation Barbarossa 1941 (Second Edition),7.92
920,Ohanami,7.32
921,Coffee Roaster,7.38
922,Adrenaline,7.01
923,Legendary: A Marvel Deck Building Game – Villains,7.54
924,Wasteland Express Delivery Service,7.35
925,Louis XIV,7.05
926,The Others,7.32
927,Dungeons & Dragons: Castle Ravenloft Board Game,6.98
928,Istanbul: The Dice Game,7.16
929,Unlock!: Epic Adventures,7.76
930,Heroscape Master Set: Swarm of the Marro,7.63
931,Three Sisters,7.63
932,Attika,6.99
933,Black Sonata,7.48
934,Smash Up: Science Fiction Double Feature,7.26
935,Dungeons & Dragons: Wrath of Ashardalon Board Game,7.10
936,Caylus 1303,7.48
937,Zooloretto,6.80
938,Core Worlds,7.15
939,Web of Power,7.30
940,Tiny Epic Quest,6.99
941,Kingsburg (Second Edition),7.43
942,Clever Cubed,7.55
943,Qwirkle,6.78
944,Britannia,7.19
945,Meeple Circus,7.05
946,Tak,7.60
947,Snow Tails,6.97
948,5-Minute Dungeon,6.96
949,Concept,6.77
950,DinoGenics,7.62
951,Fabled Fruit,7.00
952,The Castles of Burgundy: The Card Game,6.96
953,Ascension: Storm of Souls,7.28
954,Summoner Wars: Guild Dwarves vs Cave Goblins,7.56
955,Legacy: The Testament of Duke de Crecy,7.14
956,Condottiere,6.87
957,Age of Industry,7.35
958,Orchard: A 9 card solitaire game,7.39
959,The Grimm Forest,7.09
960,Lowlands,7.40
961,DC Comics Deck-Building Game,7.03
962,Tiny Epic Dungeons,7.59
963,Tidal Blades: Heroes of the Reef,7.57
964,Hawaii,7.11
965,Santa Monica,7.22
966,High Frontier 4 All,8.49
967,Brazil: Imperial,7.74
968,Darwin's Journey,8.17
969,Massive Darkness 2: Hellscape,8.09
970,Gold West,7.32
971,Mosaic: A Story of Civilization,7.71
972,Flick 'em Up!,6.87
973,Cat Lady,7.04
974,"Unmatched: Battle of Legends, Volume Two",8.39
975,The Speicherstadt,7.03
976,Antike,7.09
977,Tiny Epic Dinosaurs,7.35
978,Herbaceous,7.04
979,La Città,7.02
980,Rivals for Catan,6.95
981,Riverboat,7.43
982,Manila,6.98
983,Discoveries: The Journals of Lewis & Clark,7.03
984,History of the World,7.11
985,Automobiles,7.22
986,Ascension: Return of the Fallen,7.27
987,Star Trek: Frontiers,7.83
988,Black Fleet,7.00
989,Winner's Circle,6.99
990,Cottage Garden,6.86
991,Wildlands,7.28
992,Empires of the Void II,7.48
993,Majesty: For the Realm,6.95
994,Irish Gauge,7.26
995,Mint Works,6.95
996,Reavers of Midgard,7.40
997,The City of Kings,7.56
998,Mr. Jack Pocket,6.85
999,Legendary Encounters: A Predator Deck Building Game,7.41
1000,Yedo: Deluxe Master Set,7.99
1001,Unmatched Game System,8.30
1002,World's Fair 1893,7.16
1003,Era: Medieval Age,7.22
1004,Ticket to Ride: London,7.12
1005,Railroad Revolution,7.34
1006,"Hey, That's My Fish!",6.69
1007,Feed the Kraken,8.00
1008,Fields of Green,7.14
1009,Star Wars: The Queen's Gambit,7.55
1010,A Study in Emerald,7.20
1011,Ecos: First Continent,7.15
1012,Firenze,7.24
1013,Valley of the Kings,7.02
1014,"Time of Crisis: The Roman Empire in Turmoil, 235-284 AD",7.60
1015,Smash Up: Pretty Pretty Smash Up,7.24
1016,Unsettled,8.09
1017,Ticket to Ride: New York,6.94
1018,Wiz-War (Eighth Edition),7.05
1019,Little Town,7.21
1020,Cockroach Poker,6.78
1021,"Warhammer 40,000: Conquest",7.36
1022,ICECOOL,6.79
1023,Archaeology: The New Expedition,7.13
1024,Marvel Dice Masters: Uncanny X-Men,7.16
1025,Merchant of Venus (Second Edition),7.14
1026,Falling Sky: The Gallic Revolt Against Caesar,7.85
1027,Roll Player Adventures,8.28
1028,Dice Town,6.86
1029,Rajas of the Ganges: The Dice Charmers,7.57
1030,Polis: Fight for the Hegemony,7.52
1031,Space Hulk (Fourth Edition),7.93
1032,Outfoxed!,7.17
1033,Zombicide Season 3: Rue Morgue,7.51
1034,Nations: The Dice Game,6.95
1035,Islebound,7.17
1036,Container: 10th Anniversary Jumbo Edition!,7.67
1037,A Distant Plain,7.83
1038,NMBR 9,6.87
1039,CO₂,7.11
1040,Paper Tales,7.03
1041,The Lord of the Rings,6.74
1042,The Reckoners,7.70
1043,Star Wars: The Clone Wars,7.72
1044,Verdant,7.48
1045,Alma Mater,7.40
1046,Via Nebula,7.03
1047,Rex: Final Days of an Empire,7.06
1048,Merchants of the Dark Road,7.43
1049,Tales & Games: The Hare & the Tortoise,7.08
1050,Rallyman: GT,7.23
1051,Linko!,6.99
1052,Fauna,7.03
1053,Shikoku 1889,7.94
1054,Metropolys,7.03
1055,Quarto,6.88
1056,Smash Up: Monster Smash,7.26
1057,Super Fantasy Brawl,7.75
1058,The Big Book of Madness,6.91
1059,Loony Quest,6.89
1060,Zendo,7.22
1061,Two Rooms and a Boom,6.99
1062,Ghost Fightin' Treasure Hunters,7.14
1063,When I Dream,6.98
1064,Wilderness War,7.71
1065,Vinci,7.07
1066,Tide of Iron,7.20
1067,Explorers of the North Sea,7.29
1068,Runebound: Second Edition,6.89
1069,CuBirds,6.94
1070,Hardback,7.19
1071,Moonrakers,7.80
1072,Axis & Allies Anniversary Edition,7.43
1073,First Rat,7.65
1074,Terror in Meeple City,6.83
1075,Stronghold,7.14
1076,Smash Up,6.71
1077,Thunderstone: Dragonspire,7.32
1078,Imperial Steam,7.86
1079,Dream Home,6.88
1080,Startups,7.17
1081,Netrunner,7.43
1082,Mr. Jack in New York,7.19
1083,Tsuro,6.67
1084,Quarriors!,6.74
1085,Top Ten,7.52
1086,Tawantinsuyu: The Inca Empire,7.47
1087,Ambush!,7.50
1088,China,6.98
1089,Batman: Gotham City Chronicles,7.64
1090,Star Wars: Legion,8.03
1091,Codex Naturalis,7.24
1092,Ikusa,7.02
1093,Spicy,7.17
1094,Set a Watch,7.26
1095,Merlin,7.13
1096,Trekking Through History,7.79
1097,The Castles of Tuscany,7.26
1098,Men at Work,7.24
1099,Ready Set Bet,7.70
1100,Coconuts,7.03
1101,BattleCON: War of Indines,7.66
1102,The Prodigals Club,7.30
1103,Eight-Minute Empire: Legends,6.93
1104,Mottainai,7.03
1105,Shadow Hunters,6.82
1106,Haggis,6.98
1107,Animal Upon Animal,6.79
1108,Wendake,7.50
1109,Automania,7.32
1110,Small World of Warcraft,7.36
1111,Shadowrun: Crossfire,7.13
1112,Pictomania (Second Edition),7.60
1113,Diamonds: Second Edition,6.90
1114,Oriflamme,7.13
1115,Battle Cry,7.15
1116,Insider,7.06
1117,Quartermaster General,7.32
1118,Conspiracy: Abyss Universe,7.29
1119,Deep Space D-6,7.18
1120,Yggdrasil,7.04
1121,Witness,7.25
1122,Dead Men Tell No Tales,7.12
1123,Chimera Station,7.24
1124,Encore!,6.97
1125,Domaine,6.98
1126,Loopin' Louie,6.75
1127,Three Kingdoms Redux,7.88
1128,Legacy of Dragonholt,7.23
1129,Battles of Westeros,7.25
1130,Jump Drive,6.98
1131,"Julius Caesar: Caesar, Pompey, and the Roman Civil War",7.78
1132,Caesar!: Seize Rome in 20 Minutes!,7.68
1133,Skymines,8.13
1134,Honshū,6.93
1135,Faiyum,7.54
1136,Warhammer Quest,7.49
1137,Catan Card Game,6.71
1138,Unlock!: Escape Adventures – Squeek & Sausage,7.17
1139,Sushi Roll,7.05
1140,Risk: Star Wars Edition,7.01
1141,On Tour,6.97
1142,Obscurio,7.15
1143,Forum Trajanum,7.24
1144,Sons of Anarchy: Men of Mayhem,7.25
1145,Fortune and Glory: The Cliffhanger Game,7.10
1146,1812: The Invasion of Canada,7.34
1147,Jekyll vs. Hyde,7.30
1148,Vanuatu,7.22
1149,Botanik,7.71
1150,Power Grid: Factory Manager,6.84
1151,For the People,7.78
1152,No Retreat! The Russian Front,7.77
1153,Massive Darkness,7.13
1154,Machi Koro,6.61
1155,Primordial Soup,6.93
1156,Cockroach Poker Royal,7.06
1157,Andean Abyss,7.61
1158,La Isla,6.87
1159,Whistle Stop,7.08
1160,Mysterium Park,7.12
1161,Fallout,6.93
1162,Caylus Magna Carta,6.90
1163,Fallout Shelter: The Board Game,7.26
1164,The Game,6.71
1165,Watson & Holmes,7.30
1166,Circle the Wagons,7.10
1167,Plague Inc.: The Board Game,7.40
1168,Legend of the Five Rings: The Card Game,7.36
1169,Hansa,6.88
1170,Steam Park,6.84
1171,Smart10,7.51
1172,Crisis,7.52
1173,Stick 'Em,7.04
1174,Claustrophobia 1643,8.03
1175,Blueprints,6.80
1176,Witch's Brew,7.01
1177,Pathfinder Adventure Card Game: Skull & Shackles – Base Set,7.30
1178,Rolling Realms,7.18
1179,Princes of the Renaissance,7.32
1180,Escape from the Aliens in Outer Space,6.93
1181,Level 7 [Omega Protocol],7.44
1182,Exit: The Game – The Sinister Mansion,7.30
1183,Tiny Epic Zombies,6.97
1184,Colossal Arena,6.77
1185,Rise of Augustus,6.73
1186,Fairy Tale,6.71
1187,Kingdomino Origins,7.60
1188,Canopy,7.44
1189,Manoeuvre,7.29
1190,Distilled,8.12
1191,Vikings Gone Wild,7.13
1192,Council of 4,7.15
1193,Cleopatra and the Society of Architects,6.80
1194,Kraftwagen,7.23
1195,Poker,6.71
1196,GIPF,7.09
1197,Agra,7.32
1198,Fleet,6.86
1199,Spirits of the Wild,7.35
1200,Ponzi Scheme,7.16
1201,Claim,6.97
1202,Horrified: American Monsters,7.59
1203,Stella: Dixit Universe,7.31
1204,World of Warcraft: Wrath of the Lich King,7.50
1205,Escape Room: The Game,6.95
1206,Cross Clues,7.29
1207,Hamburgum,7.05
1208,Fief: France 1429,7.43
1209,A Touch of Evil: The Supernatural Game,6.98
1210,Dungeon Fighter,6.81
1211,Mythos Tales,7.37
1212,New York 1901,6.80
1213,Castle Panic,6.64
1214,Thunderbolt Apache Leader,8.03
1215,Strasbourg,7.16
1216,Arkham Horror: The Card Game (Revised Edition),8.76
1217,Duelosaur Island,7.08
1218,Blokus Duo,6.83
1219,Peloponnes,7.10
1220,Odin's Ravens (Second Edition),7.02
1221,Carcassonne: South Seas,7.06
1222,Flick of Faith,7.37
1223,18Chesapeake,7.75
1224,Mille Fiori,7.42
1225,Ninjato,7.17
1226,Arkadia,6.91
1227,Exit: The Game – The Sunken Treasure,7.06
1228,Medieval Academy,6.94
1229,Folklore: The Affliction,7.73
1230,Hacienda,6.92
1231,1862: Railway Mania in the Eastern Counties,8.27
1232,Paris,7.27
1233,Street Masters,8.02
1234,Santiago de Cuba,6.89
1235,Aeon's End: Outcasts,8.57
1236,Chronicles of Crime: 1900,8.08
1237,Smash Up: It's Your Fault!,7.50
1238,Las Vegas Royale,7.45
1239,The Golden Ages,7.26
1240,Copenhagen,7.00
1241,Rattus,6.78
1242,Java,7.01
1243,Maximum Apocalypse,7.53
1244,Dungeon Twister,6.81
1245,A Game of Thrones: The Card Game,6.82
1246,Sentient,7.21
1247,Coffee Traders,7.78
1248,Ultimate Werewolf: Ultimate Edition,6.98
1249,Betrayal at Baldur's Gate,7.10
1250,Rise of Tribes,7.15
1251,Lockup: A Roll Player Tale,7.38
1252,Mission: Red Planet,6.89
1253,Thunderbirds,7.55
1254,Royals,7.17
1255,BattleTech,7.09
1256,Castell,7.43
1257,The Werewolves of Miller's Hollow,6.70
1258,Elfenland,6.69
1259,The Magic Labyrinth,6.82
1260,Dead Man's Draw,6.85
1261,Carcassonne: Winter Edition,7.50
1262,Viceroy,6.80
1263,Hostage Negotiator,6.82
1264,"The Hunters: German U-Boats at War, 1939-43",7.73
1265,Liberty or Death: The American Insurrection,7.79
1266,Keythedral,7.05
1267,Ulm,7.02
1268,Dice Throne,7.69
1269,Medina,7.02
1270,Genotype: A Mendelian Genetics Game,7.54
1271,Hellboy: The Board Game,7.83
1272,Merchant of Venus,7.14
1273,Ghost Blitz,6.71
1274,Trains: Rising Sun,7.42
1275,It's a Wonderful Kingdom,7.40
1276,Liberté,7.12
1277,Ubongo,6.69
1278,Werewords Deluxe Edition,7.55
1279,Timeline: Inventions,6.70
1280,Here I Stand: 500th Anniversary Edition,8.57
1281,Axis & Allies: Europe 1940,7.57
1282,Guildhall,6.89
1283,Evo,6.87
1284,Café,7.32
1285,Planet Steam,7.10
1286,Super-Skill Pinball: 4-Cade,7.14
1287,Rialto,6.90
1288,Dale of Merchants 2,7.29
1289,Qwinto,7.01
1290,The Fox in the Forest Duet,7.09
1291,Brew,7.16
1292,Tussie Mussie,6.95
1293,Back to the Future: Back in Time,7.27
1294,The Captain Is Dead,7.09
1295,Dark Moon,7.00
1296,Saboteur,6.55
1297,UBOOT: The Board Game,7.63
1298,Cartagena,6.68
1299,One Deck Dungeon: Forest of Shadows,7.14
1300,Fog of Love,6.73
1301,The Initiative,7.63
1302,Sylvion,7.06
1303,TransAmerica,6.68
1304,Pictures,7.21
1305,Fearsome Floors,6.67
1306,Rallyman,7.19
1307,Coloma,7.36
1308,Catacombs,7.06
1309,Cahoots,7.14
1310,Deep Madness,7.87
1311,New Angeles,7.08
1312,Carnival of Monsters,7.27
1313,KeyForge: Age of Ascension,7.26
1314,Agropolis,7.43
1315,Zombie Teenz Evolution,7.75
1316,Mariposas,6.86
1317,Keyper,7.29
1318,Conflict of Heroes: Storms of Steel! – Kursk 1943,7.69
1319,Fire & Axe: A Viking Saga,7.00
1320,Next Station: London,7.43
1321,Heroes of Normandie,7.44
1322,Wings of War: Famous Aces,6.86
1323,The Castles of Burgundy: The Dice Game,6.89
1324,Imhotep: The Duel,7.10
1325,Star Trek: Catan,6.99
1326,Warsaw: City of Ruins,7.32
1327,V-Sabotage,7.73
1328,Starship Catan,6.84
1329,Fireball Island: The Curse of Vul-Kar,6.80
1330,Exit: The Game – The Forgotten Island,6.94
1331,Wild Space,7.23
1332,Mystery Rummy: Jack the Ripper,6.95
1333,Unearth,6.85
1334,Titan,6.96
1335,Advanced Squad Leader: Starter Kit #2,7.97
1336,Eat Poop You Cat,7.45
1337,Edge of Darkness,7.51
1338,The Starfarers of Catan,6.80
1339,The Little Prince: Make Me a Planet,6.90
1340,Stardew Valley: The Board Game,7.40
1341,Welcome to the Dungeon,6.56
1342,Skulls of Sedlec,7.44
1343,Sherlock Holmes Consulting Detective: The Baker Street Irregulars,8.37
1344,Pavlov's House,7.94
1345,Kahuna,6.61
1346,Mykerinos,6.84
1347,Museum,7.20
1348,Spot it!,6.57
1349,SHŌBU,7.53
1350,Porta Nigra,7.18
1351,Riftforce,7.38
1352,Maglev Metro,7.29
1353,Villages of Valeria,7.00
1354,Tournay,6.97
1355,Doom: The Boardgame,6.85
1356,Mega Civilization,8.22
1357,Calimala,7.19
1358,Similo,6.83
1359,Room 25,6.71
1360,Aftermath,7.65
1361,The Staufer Dynasty,7.15
1362,Manhattan,6.73
1363,XenoShyft: Onslaught,6.92
1364,Star Wars: Unlock!,7.08
1365,Cosmic Encounter,6.92
1366,Heroes of Terrinoth,7.30
1367,Murano,7.18
1368,Habitats,7.38
1369,Guillotine,6.54
1370,Walking in Burano,7.13
1371,Stronghold: 2nd edition,7.47
1372,Naga Raja,7.16
1373,Say Anything,6.71
1374,Unlock!: Escape Adventures – The Formula,7.00
1375,Merkator,7.03
1376,Hegemony: Lead Your Class to Victory,8.54
1377,La Cosa Nostra,7.63
1378,Gloom of Kilforth: A Fantasy Quest Game,7.54
1379,Turn the Tide,6.78
1380,NEOM,7.31
1381,Exit: The Game – The Mysterious Museum,7.15
1382,Asara,7.00
1383,Kingdom Rush: Rift in Time,7.39
1384,Timeline: Events,6.77
1385,Barony,7.08
1386,CloudAge,7.28
1387,Yukon Airways,7.36
1388,Exit: The Game – The Polar Station,6.88
1389,Agricola: Family Edition,7.06
1390,Unlock!: Mythic Adventures,7.75
1391,Ticket to Ride: Germany,7.60
1392,Strike,6.92
1393,Battle Line: Medieval,7.67
1394,Warrior Knights,6.87
1395,Castles of Mad King Ludwig: Collector's Edition,8.43
1396,Escape the Dark Castle,7.42
1397,Pickomino,6.58
1398,Wyatt Earp,6.83
1399,Escape Tales: The Awakening,7.07
1400,Pioneer Days,7.25
1401,Gravwell: Escape from the 9th Dimension,6.88
1402,Dice City,6.74
1403,Medina (Second Edition),7.21
1404,The Thing: The Boardgame,7.71
1405,Balloon Cup,6.68
1406,Solenia,7.06
1407,Lost Cities: The Board Game,6.79
1408,Floriferous,7.58
1409,Rum & Bones: Second Tide,7.62
1410,Infinity Gauntlet: A Love Letter Game,7.02
1411,Quoridor,6.66
1412,Aton,6.86
1413,Perseverance: Castaway Chronicles – Episodes 1 & 2,7.82
1414,The Quest for El Dorado: The Golden Temples,7.73
1415,Gutenberg,7.42
1416,Ishtar: Gardens of Babylon,7.02
1417,Blue Moon,6.70
1418,Mascarade,6.58
1419,Vampire: The Eternal Struggle,7.24
1420,DC Comics Deck-Building Game: Heroes Unite,7.39
1421,Star Wars: Epic Duels,7.01
1422,Sherlock Holmes Consulting Detective: Carlton House & Queen's Park,7.86
1423,Viral,6.95
1424,Amyitis,6.91
1425,Expedition to Newdale,7.42
1426,Robo Rally,7.01
1427,Paper Dungeons: A Dungeon Scrawler Game,7.23
1428,Ca$h 'n Gun$,6.56
1429,Galaxy Defenders,7.45
1430,Bad Company,7.39
1431,Trekking the World,7.12
1432,The Artemis Project,7.26
1433,Kitchen Rush (Revised Edition),7.55
1434,Rune Age,6.81
1435,Tides of Time,6.61
1436,Antike II,7.47
1437,The 7th Continent: Classic Edition,7.68
1438,Illusion,6.75
1439,De Vulgari Eloquentia,7.22
1440,Backgammon,6.56
1441,Imagine,6.88
1442,Löwenherz,7.03
1443,Valley of the Kings: Afterlife,7.24
1444,Atiwa,7.59
1445,Bausack,6.80
1446,Ascending Empires,7.18
1447,Le Havre: The Inland Port,6.82
1448,Trails,7.12
1449,Axis & Allies: Pacific 1940,7.52
1450,Mini Rogue,7.63
1451,Roma,6.75
1452,Meuterer,6.88
1453,Nanty Narking,7.52
1454,Roll Camera!: The Filmmaking Board Game,7.60
1455,Wildcatters,7.60
1456,Tempel des Schreckens,7.15
1457,Vagrantsong,7.78
1458,Blokus 3D,6.78
1459,Kodama: The Tree Spirits,6.69
1460,Haspelknecht: The Story of Early Coal Mining,7.23
1461,Beasty Bar,6.80
1462,Kremlin,6.97
1463,Scotland Yard,6.51
1464,Aladdin's Dragons,6.89
1465,Bargain Quest,6.89
1466,Onirim,6.64
1467,Machina Arcana (Second/Third Edition),8.03
1468,Nothing Personal,7.04
1469,Stephenson's Rocket,6.91
1470,Exit: The Game – The Catacombs of Horror,7.34
1471,Carolus Magnus,6.83
1472,Fields of Fire,7.86
1473,D-Day Dice,6.82
1474,Encyclopedia,7.57
1475,Eight-Minute Empire,6.57
1476,DOOM: The Board Game,7.43
1477,Wallenstein (Second Edition),7.59
1478,Happy Salmon,6.71
1479,Timeline: General Interest,6.77
1480,Food Chain Island,7.26
1481,Sun Tzu,7.05
1482,Tides of Madness,6.77
1483,Advanced Squad Leader: Starter Kit #3,8.05
1484,Coup: Rebellion G54,6.99
1485,Blokus Trigon,6.89
1486,Factory Fun,6.80
1487,Dungeon Degenerates: Hand of Doom,8.18
1488,Sleuth,6.90
1489,Middle-earth,7.33
1490,Omen: A Reign of War,7.32
1491,The Rose King,6.81
1492,Magic Realm,7.28
1493,Trapwords,6.98
1494,BANG!,6.50
1495,Traders of Osaka,6.82
1496,My Village,6.94
1497,Tramways,7.39
1498,Kashgar: Merchants of the Silk Road,7.08
1499,Here to Slay,6.94
1500,Skulk Hollow,7.28
1501,Necromunda,7.30
1502,Super Mega Lucky Box,7.22
1503,Gingerbread House,7.00
1504,Space Crusade,7.03
1505,Hit Z Road,6.77
1506,Yomi,6.95
1507,The Hunger,7.15
1508,Overboss: A Boss Monster Adventure,7.39
1509,Dungeons & Dragons: Temple of Elemental Evil Board Game,7.37
1510,Piepmatz,7.08
1511,Pueblo,6.95
1512,TEN,7.13
1513,Junta,6.69
1514,Renature,7.14
1515,Planet,6.69
1516,Indigo,6.85
1517,Indian Summer,6.78
1518,6 nimmt! 25 Jahre,7.42
1519,Sword of Rome,7.34
1520,Masmorra: Dungeons of Arcadia,7.05
1521,Miyabi,7.48
1522,Renegade,7.71
1523,Havana,6.85
1524,Llamaland,7.36
1525,Warhammer Quest: Blackstone Fortress,7.86
1526,Empire Builder,6.95
1527,I'm the Boss!,6.77
1528,Patchistory,7.08
1529,Sheriff of Nottingham: 2nd Edition,7.35
1530,In the Shadow of the Emperor,6.87
1531,Pixel Tactics,6.86
1532,Path of Light and Shadow,7.42
1533,Neanderthal,7.31
1534,Shogi,7.38
1535,Aerion,7.35
1536,Marrakech,6.69
1537,CV,6.60
1538,RAF: The Battle of Britain 1940,8.03
1539,Tortuga 1667,6.92
1540,Curious Cargo,7.15
1541,Power Grid: The First Sparks,6.77
1542,Pirate's Cove,6.57
1543,The Scepter of Zavandor,6.97
1544,Rune Stones,7.27
1545,Codex: Card-Time Strategy – Deluxe Set,8.02
1546,Welcome Back to the Dungeon,6.74
1547,Giants,6.96
1548,Time's Up! Edición Amarilla,7.50
1549,Ascension: Immortal Heroes,7.33
1550,Dice Settlers,6.92
1551,Mü & More,7.15
1552,Doomtown: Reloaded,7.11
1553,Kingdoms,6.65
1554,Chronicles of Avel,7.72
1555,Risk 2210 A.D.,6.68
1556,Exit: The Game – The Forbidden Castle,6.82
1557,Spyfall 2,6.88
1558,High Frontier,7.36
1559,Olympos,6.91
1560,Bloodborne: The Card Game,6.89
1561,The Rich and the Good,7.10
1562,Oceanos,6.81
1563,1856: Railroading in Upper Canada from 1856,7.51
1564,Aristeia!,8.21
1565,The Great Dalmuti,6.58
1566,Revolution!,6.72
1567,The Red Dragon Inn 2,6.92
1568,Tiny Epic Kingdoms,6.56
1569,Campy Creatures,7.05
1570,Chocolate Factory,7.11
1571,Aquaretto,6.98
1572,Unlock!: Secret Adventures – The Adventurers of Oz,7.39
1573,The Bottle Imp,6.73
1574,Ingenious: Travel Edition,7.09
1575,Mystery of the Abbey,6.54
1576,Ad Astra,6.86
1577,Star Wars: Jabba's Palace – A Love Letter Game,7.29
1578,Karak,7.23
1579,Android,6.74
1580,Wars of the Roses: Lancaster vs. York,7.36
1581,Navajo Wars,7.94
1582,GKR: Heavy Hitters,7.61
1583,Fireteam Zero,7.50
1584,The Civil War 1861-1865,7.73
1585,Keep the Heroes Out!,8.07
1586,1817,8.63
1587,Walnut Grove,6.98
1588,Ogre,6.95
1589,Adventure Land,6.91
1590,Stroganov,7.31
1591,Drop It,6.91
1592,World of Warcraft: The Boardgame,6.70
1593,Harry Potter: Hogwarts Battle – Defence Against the Dark Arts,7.17
1594,SET,6.50
1595,Thanos Rising: Avengers Infinity War,7.11
1596,Age of Renaissance,7.09
1597,Century: Golem Edition – An Endless World,7.60
1598,Hoplomachus: Victorum,8.78
1599,Call of Cthulhu: The Card Game,6.89
1600,The Ancient World (Second Edition),7.56
1601,Arctic Scavengers,6.79
1602,Minecraft: Builders & Biomes,6.98
1603,1849: The Game of Sicilian Railways,8.18
1604,Sanctum,7.10
1605,Oregon,6.76
1606,Bios: Megafauna (Second Edition),7.65
1607,PitchCar Mini,6.97
1608,Axis & Allies,6.69
1609,Pergamon,6.91
1610,Warfighter: The Tactical Special Forces Card Game,7.71
1611,Ys,6.89
1612,The Climbers,6.79
1613,On the Underground,6.91
1614,Lands of Galzyr,8.25
1615,Bruxelles 1897,7.24
1616,Pendragon: The Fall of Roman Britain,7.93
1617,Power Struggle,6.97
1618,Unconditional Surrender! World War 2 in Europe,8.12
1619,Himalaya,7.00
1620,Troyes Dice,7.06
1621,Euthia: Torment of Resurrection,8.70
1622,Beyond Balderdash,6.82
1623,Adventure Games: The Dungeon,6.97
1624,Iwari,7.14
1625,Otys,6.98
1626,Rise of Empires,7.03
1627,Disney Villainous: Despicable Plots,7.59
1628,Cosmic Encounter: 42nd Anniversary Edition,8.26
1629,Kamisado,6.94
1630,Timeline: Discoveries,6.71
1631,Railroad Ink Challenge: Shining Yellow Edition,7.61
1632,Pagan: Fate of Roanoke,8.17
1633,Human Punishment: Social Deduction 2.0,7.61
1634,Dragonfire,7.13
1635,A Study in Emerald (Second Edition),6.89
1636,Puzzle Strike: Third Edition,7.19
1637,Ave Caesar,6.63
1638,World in Flames,7.62
1639,After the Empire,7.54
1640,Century: Golem Edition – Eastern Mountains,7.38
1641,Unlock!: Mystery Adventures – The House on the Hill,7.00
1642,"Artifacts, Inc.",6.76
1643,Axis & Allies,6.57
1644,Jungle Speed,6.48
1645,The Lord of the Ice Garden,7.63
1646,Ride the Rails,7.21
1647,Sorcerer City,7.43
1648,Marrakesh,8.21
1649,Successors (Third Edition),7.53
1650,The Ancient World,6.99
1651,Mangrovia,7.17
1652,51st State,6.81
1653,Paint the Roses,7.34
1654,Beer & Bread,7.53
1655,Dungeon Mayhem,6.94
1656,A House Divided: War Between the States 1861-65,7.08
1657,The New Era,7.49
1658,New York Slice,6.71
1659,Key Flow,7.36
1660,Imaginarium,7.16
1661,Gulo Gulo,6.83
1662,Burgle Bros 2: The Casino Capers,7.40
1663,Sabika,7.96
1664,Endangered,7.56
1665,Samurai Spirit,6.62
1666,Capital Lux,7.00
1667,Battle Cry: 150th Civil War Anniversary Edition,7.64
1668,Mordheim: City of the Damned,7.32
1669,Age of Civilization,7.06
1670,Legendary Encounters: A Firefly Deck Building Game,7.09
1671,Dorfromantik: The Board Game,8.00
1672,Abandon All Artichokes,6.65
1673,Dice Miner,7.30
1674,Northgard: Uncharted Lands,7.83
1675,Flip Ships,7.02
1676,Love Letter: Adventure Time,7.24
1677,Sluff Off!,6.88
1678,Land vs Sea,7.23
1679,Virus!,6.73
1680,Carcassonne: Amazonas,7.05
1681,Cryo,7.32
1682,City of Iron,7.17
1683,Dice Throne: Season Two – Gunslinger v. Samurai,7.57
1684,Ascension: Rise of Vigil,7.16
1685,Blood Bowl: Second Season Edition,8.55
1686,After The Virus,7.27
1687,Hare & Tortoise,6.62
1688,Battle Sheep,6.62
1689,Glasgow,7.17
1690,Masters of Renaissance: Lorenzo il Magnifico – The Card Game,7.19
1691,Leonardo da Vinci,6.73
1692,Favor of the Pharaoh,6.79
1693,The Adventurers: The Temple of Chac,6.60
1694,Treasure Hunter,6.77
1695,Metro X,7.14
1696,Wits & Wagers Party,6.90
1697,Anomia,6.68
1698,Pharaon,7.40
1699,Paranormal Detectives,7.02
1700,Rummikub,6.44
1701,Helvetia,6.98
1702,Bios: Origins (Second Edition),7.84
1703,War of the Ring: The Card Game,7.96
1704,Normandy '44,7.89
1705,The Red Dragon Inn,6.56
1706,The Great Heartland Hauling Co.,6.86
1707,Tranquility,7.01
1708,ICECOOL2,7.19
1709,New Bedford,7.07
1710,Babel,6.65
1711,Wooden Ships & Iron Men,7.06
1712,Space Cadets: Dice Duel,6.75
1713,König von Siam,6.90
1714,Transatlantic,7.04
1715,Juicy Fruits,7.11
1716,The King Is Dead,7.12
1717,Empires in Arms,7.60
1718,Cantaloop: Book 1 – Breaking into Prison,7.56
1719,Ubongo 3D,7.08
1720,Niagara,6.46
1721,Evo (Second Edition),6.94
1722,Star Trek: Attack Wing,7.50
1723,Clans,6.56
1724,The Expanse Board Game,7.18
1725,La Boca,6.97
1726,Smash Up: The Obligatory Cthulhu Set,6.73
1727,1860: Railways on the Isle of Wight,7.91
1728,Petrichor,6.94
1729,Timeline: Music & Cinema,6.72
1730,"Colonial Twilight: The French-Algerian War, 1954-62",7.72
1731,Fjords,6.74
1732,Tabannusi: Builders of Ur,7.42
1733,Cóatl,6.99
1734,Egizia: Shifting Sands,7.53
1735,Duplik,6.97
1736,Trambahn,6.94
1737,Dale of Merchants Collection,7.84
1738,Felicity: The Cat in the Sack,6.56
1739,The Bridges of Shangri-La,6.84
1740,Strat-O-Matic Baseball,7.82
1741,Machi Koro Legacy,6.94
1742,The Russian Campaign,7.33
1743,Altar Quest,7.73
1744,Carrom,7.07
1745,Nefertiti,6.99
1746,Noctiluca,7.12
1747,Xiangqi,7.12
1748,Exodus: Proxima Centauri,7.15
1749,Unlock!: Mystery Adventures – The Tonipal's Treasure,7.00
1750,Big City,6.86
1751,Time's Up! Edición Azul,7.36
1752,Glow,7.06
1753,Odin's Ravens,6.66
1754,Smash Up: Cease and Desist,7.43
1755,Reykholt,6.71
1756,Love Letter: The Hobbit – The Battle of the Five Armies,7.11
1757,Talisman: Revised 4th Edition,6.51
1758,Steam Time,7.09
1759,Sanssouci,7.14
1760,Québec,7.14
1761,Spirits of the Forest,6.84
1762,Antike Duellum,7.07
1763,Factory Funner,7.23
1764,Horizons of Spirit Island,8.43
1765,Krosmaster: Arena,6.72
1766,Forge War,7.19
1767,A Castle for All Seasons,6.73
1768,Exit: The Game – The Haunted Roller Coaster,7.16
1769,My First Carcassonne,6.67
1770,L.L.A.M.A.,6.48
1771,A Game of Thrones: Hand of the King,6.64
1772,Nautilion,7.22
1773,Tsuro of the Seas,6.52
1774,Monumental,7.62
1775,Historia,6.87
1776,Terramara,7.32
1777,DC Comics Dice Masters: Justice League,7.31
1778,Catan: Starfarers,7.63
1779,Burg Appenzell,6.85
1780,Project: ELITE,7.58
1781,Expedition: Northwest Passage,6.97
1782,Sobek: 2 Players,7.21
1783,Diamonds Club,7.05
1784,Steel Driver,6.97
1785,Salem 1692,7.07
1786,5-Minute Marvel,6.81
1787,Fleet: The Dice Game (Second Edition),7.88
1788,Tiny Epic Western,6.64
1789,Cold War: CIA vs KGB,6.62
1790,A Victory Lost: Crisis in Ukraine 1942-1943,7.65
1791,Ra: The Dice Game,6.78
1792,Voyages,7.50
1793,Legend of the Five Rings,7.16
1794,John Company,7.40
1795,Royal Palace,6.87
1796,Dungeons & Dragons Dice Masters: Battle for Faerûn,7.21
1797,Nyet!,6.77
1798,LYNGK,7.59
1799,Cytosis: A Cell Biology Board Game,7.03
1800,"Napoléon: The Waterloo Campaign, 1815",7.35
1801,Steampunk Rally Fusion,7.47
1802,Evergreen,7.59
1803,Vast: The Mysterious Manor,7.50
1804,Breakout: Normandy,7.69
1805,The Red Dragon Inn 3,7.21
1806,Edo,7.05
1807,Labyrinth,6.40
1808,Holland '44: Operation Market-Garden,8.30
1809,Field Commander: Napoleon,7.71
1810,Sol: Last Days of a Star,7.52
1811,Founding Fathers,6.96
1812,Holmes: Sherlock & Mycroft,6.79
1813,Eurorails,7.10
1814,Fertility,7.17
1815,Corinth,6.74
1816,The Rise of Queensdale,7.46
1817,Infinity N3: Core Book,8.06
1818,SPQR (Deluxe Edition),8.03
1819,Dominations: Road to Civilization,7.48
1820,Sniper Elite: The Board Game,7.93
1821,A Song of Ice & Fire: Tabletop Miniatures Game – Stark vs Lannister Starter Set,8.12
1822,Mare Nostrum,6.72
1823,Memoarrr!,6.89
1824,Cosmic Frog,7.41
1825,Seeland,6.91
1826,Warhammer: Diskwars,7.07
1827,Pax Pamir,7.43
1828,Carcassonne: Gold Rush,7.15
1829,Iberian Gauge,7.36
1830,Hoity Toity,6.52
1831,Tournament at Camelot,7.16
1832,Ground Floor,7.00
1833,Stellar,7.41
1834,Get on Board: New York & London,7.00
1835,Trans Europa,6.65
1836,Wits & Wagers Family,6.91
1837,Ganymede,7.19
1838,Wildlife Safari,6.67
1839,Mamma Mia!,6.47
1840,Arena: Roma II,6.88
1841,GROVE: A 9 card solitaire game,7.80
1842,B-17: Queen of the Skies,7.11
1843,Euchre,6.82
1844,Oltréé,7.58
1845,Sagani,7.20
1846,Europe Engulfed: WWII European Theatre Block Game,7.46
1847,Monolith Arena,7.42
1848,Theseus: The Dark Orbit,7.02
1849,Abalone,6.47
1850,Coal Baron: The Great Card Game,7.09
1851,The Boss,6.79
1852,Heroscape Marvel: The Conflict Begins,7.02
1853,Wasabi!,6.53
1854,Bootleggers,6.68
1855,Citrus,7.10
1856,Core Space,8.69
1857,Pax Transhumanity,7.54
1858,La Granja: No Siesta,6.79
1859,Frank's Zoo,6.61
1860,Neta-Tanka: Deluxe Edition,7.20
1861,Pandemic: Hot Zone – North America,7.03
1862,HEXplore It: The Valley of the Dead King,7.77
1863,Warhammer Underworlds: Nightvault,7.77
1864,Warfighter: The WWII Tactical Combat Card Game,7.88
1865,Marvel: Crisis Protocol,8.34
1866,Pyramid of Pengqueen,6.89
1867,Age of War,6.45
1868,Uprising: Curse of the Last Emperor,8.38
1869,Paris Connection,6.66
1870,Race! Formula 90,7.96
1871,Samurai Sword,6.66
1872,Ascension: Realms Unraveled,7.52
1873,Dr. Eureka,6.58
1874,Thunderstone Advance: Numenera,7.27
1875,Rise to Nobility,6.98
1876,Qin,6.79
1877,Last Aurora,7.35
1878,Cthulhu Realms,6.69
1879,Relic,6.76
1880,Terracotta Army,7.60
1881,Archaeology: The Card Game,6.66
1882,Hands in the Sea,7.85
1883,Marvel: Remix,7.49
1884,The Isle of Cats: Explore & Draw,7.52
1885,Boss Monster 2: The Next Level,6.72
1886,Spring Meadow,7.07
1887,Chakra,6.90
1888,Show Manager,6.99
1889,Snake Oil,6.67
1890,Serenissima,6.86
1891,Cutthroat Caverns,6.52
1892,Ticket to Ride: First Journey (U.S.),6.90
1893,burncycle,8.08
1894,Beyond Baker Street,6.83
1895,Meeple Land,7.29
1896,Riff Raff,6.93
1897,Kolejka,6.67
1898,Harbour,6.50
1899,Mysthea,7.63
1900,Exit: The Game – Advent Calendar: The Mystery of the Ice Cave,8.02
1901,Marvel Dice Masters: Age of Ultron,7.20
1902,5-Minute Mystery,7.12
1903,Dragomino,7.10
1904,Tiny Epic Pirates,7.08
1905,HeroQuest Advanced Quest,7.32
1906,Seikatsu,7.00
1907,Horus Heresy,7.04
1908,The Hanging Gardens,6.78
1909,2 de Mayo,6.89
1910,Sorcerer,7.62
1911,Belratti,7.16
1912,Castellion,6.90
1913,Tiny Epic Defenders (Second Edition),7.10
1914,Sentinels of the Multiverse: Definitive Edition,8.44
1915,D-Day Dice (Second Edition),7.47
1916,Bios: Genesis,7.11
1917,Hamsterrolle,6.81
1918,Starship Captains,7.29
1919,Dutch Blitz,6.71
1920,Conquest of the Empire,6.73
1921,Um Reifenbreite,6.79
1922,Catan Histories: Settlers of America – Trails to Rails,6.80
1923,Compounded,6.72
1924,CoraQuest,8.10
1925,Guilds of London,6.81
1926,The U.S. Civil War,8.30
1927,Hornet Leader: Carrier Air Operations,7.89
1928,Axis & Allies: 1942,6.92
1929,Bob Ross: Art of Chill Game,6.78
1930,The Dresden Files Cooperative Card Game,7.02
1931,Ribbit,6.77
1932,Gaslands: Post-Apocalyptic Vehicular Combat,8.08
1933,You're Bluffing!,6.57
1934,Rommel in the Desert,7.54
1935,Pathfinder Adventure Card Game: Wrath of the Righteous – Base Set,7.46
1936,Dealt!,7.06
1937,Space Station Phoenix,7.41
1938,Star Trek Panic,6.98
1939,Risk: Europe,7.42
1940,Bananagrams,6.38
1941,Duel of Ages II,7.36
1942,Cabo,7.08
1943,Lotus,6.69
1944,Dog Park,7.32
1945,Palastgeflüster,6.78
1946,Teenage Mutant Ninja Turtles: Shadows of the Past,7.41
1947,Pit,6.38
1948,"Warriors of God: The Wars of England & France, 1135-1453",7.42
1949,City of Horror,6.69
1950,Spades,6.78
1951,Impulse,6.81
1952,Challengers!,7.39
1953,Stop Thief!,6.99
1954,Perikles,6.89
1955,KeyForge: Worlds Collide,7.50
1956,That Time You Killed Me,7.67
1957,City of Spies: Estoril 1942,7.03
1958,Covert,7.07
1959,Summer Camp,7.20
1960,Lifeboats,6.58
1961,Keltis,6.42
1962,Skyjo,6.76
1963,Wings of War: Watch Your Back!,6.99
1964,Terra,6.80
1965,Mafia de Cuba,6.53
1966,Tinners' Trail,7.18
1967,Time's Up! Deluxe,7.47
1968,Dice Throne: Season Two – Cursed Pirate v. Artificer,7.89
1969,Fighting Formations: Grossdeutschland Motorized Infantry Division,7.61
1970,Quests of Valeria,6.92
1971,Empyreal: Spells & Steam,7.53
1972,Azul: Master Chocolatier,7.96
1973,Legends of Andor: The Last Hope,7.88
1974,Kepler-3042,7.31
1975,Sea Salt & Paper,7.22
1976,"Air, Land, and Sea: Critters at War",7.55
1977,Balderdash,6.47
1978,Lignum (Second Edition),7.68
1979,Taco Cat Goat Cheese Pizza,6.68
1980,Elasund: The First City,6.59
1981,Ardennes '44: The Battle of the Bulge,8.01
1982,The Flow of History,6.77
1983,Razzia!,6.85
1984,Guards of Atlantis II,8.62
1985,World War II: Barbarossa to Berlin,7.29
1986,The Princes of Machu Picchu,6.96
1987,Cube Quest,6.82
1988,Trek 12: Himalaya,6.88
1989,Hidden Leaders,6.92
1990,Flatline,7.10
1991,DungeonQuest,6.75
1992,March of the Ants,7.18
1993,XenoShyft: Dreadmire,7.22
1994,Dragonwood,6.59
1995,Sail to India,6.68
1996,Agents of SMERSH,6.97
1997,Exit: The Game – Theft on the Mississippi,7.17
1998,Resist!,7.73
1999,Fast Sloths,7.11
2000,Tenpenny Parks,7.58
